"103000001","26","13","05","34","24"
"103000002","08","14","27","30","19"
"103000003","10","32","27","28","37"
"103000004","14","19","39","05","25"
"103000005","38","13","16","31","17"
"103000006","05","23","10","19","06"
"103000007","06","04","33","28","17"
"103000008","17","33","06","15","27"
"103000009","26","16","13","39","08"
"103000010","19","08","32","10","06"
"103000011","35","38","10","11","13"
"103000012","16","21","09","34","17"
"103000013","30","36","18","03","31"
"103000014","05","08","14","23","09"
"103000015","31","24","22","32","37"
"103000016","15","07","02","38","21"
"103000017","21","31","14","34","38"
"103000018","11","27","04","07","21"
"103000019","31","29","19","24","25"
"103000020","30","08","21","05","16"
"103000021","21","34","38","37","03"
"103000022","31","20","30","38","02"
"103000023","28","38","30","26","27"
"103000024","19","10","02","05","15"
"103000025","37","25","38","17","19"
"103000026","17","24","21","34","23"
"103000027","19","24","08","35","23"
"103000028","37","31","21","29","28"
"103000029","22","03","16","08","33"
"103000030","37","11","18","33","21"
"103000031","38","36","39","29","28"
"103000032","20","02","07","30","36"
"103000033","19","05","13","32","38"
"103000034","21","10","33","22","02"
"103000035","06","09","28","14","11"
"103000036","20","11","21","13","28"
"103000037","16","29","11","13","15"
"103000038","05","33","04","32","06"
"103000039","03","08","37","11","21"
"103000040","14","07","22","21","04"
"103000041","06","16","10","34","01"
"103000042","32","13","38","16","30"
"103000043","02","17","08","34","05"
"103000044","15","19","05","16","04"
"103000045","07","10","06","37","08"
"103000046","17","13","27","38","37"
"103000047","27","33","12","39","13"
"103000048","12","04","03","22","07"
"103000049","06","21","38","35","17"
"103000050","37","38","30","03","31"
"103000051","23","26","20","03","24"
"103000052","16","12","36","05","30"
"103000053","19","38","26","30","25"
"103000054","01","07","17","02","25"
"103000055","13","04","36","12","01"
"103000056","15","22","16","31","35"
"103000057","23","22","05","16","38"
"103000058","22","23","17","09","18"
"103000059","02","22","13","34","35"
"103000060","23","25","31","38","13"
"103000061","31","38","14","29","19"
"103000062","17","33","06","24","27"
"103000063","14","36","15","38","01"
"103000064","06","23","25","31","07"
"103000065","01","23","10","04","39"
"103000066","14","18","12","35","16"
"103000067","07","12","11","37","02"
"103000068","34","07","01","17","24"
"103000069","09","14","39","03","08"
"103000070","23","21","38","26","08"
"103000071","05","36","17","27","39"
"103000072","35","06","38","11","02"
"103000073","02","34","37","17","24"
"103000074","07","02","08","01","14"
"103000075","11","02","01","39","09"
"103000076","35","26","29","24","11"
"103000077","22","02","23","34","35"
"103000078","10","14","17","01","34"
"103000079","11","04","07","38","20"
"103000080","28","01","31","12","03"
"103000081","06","24","20","09","34"
"103000082","25","30","12","04","21"
"103000083","39","31","05","11","09"
"103000084","34","19","35","16","20"
"103000085","07","16","12","31","09"
"103000086","31","07","20","17","24"
"103000087","11","13","08","21","16"
"103000088","34","18","38","14","25"
"103000089","15","37","06","05","24"
"103000090","09","15","06","14","36"
"103000091","03","12","29","01","33"
"103000092","28","29","14","18","04"
"103000093","29","37","38","19","27"
"103000094","36","37","13","04","35"
"103000095","33","19","27","29","20"
"103000096","09","39","25","04","30"
"103000097","33","16","14","07","26"
"103000098","17","04","07","35","16"
"103000099","33","07","39","38","05"
"103000100","23","33","08","24","15"
"103000101","17","38","19","03","22"
"103000102","25","08","33","03","21"
"103000103","26","23","05","29","06"
"103000104","17","39","34","22","10"
"103000105","38","08","01","11","14"
"103000106","13","23","37","03","14"
"103000107","08","04","21","13","37"
"103000108","05","23","06","39","24"
"103000109","19","21","39","12","36"
"103000110","27","09","36","28","01"
"103000111","39","34","25","05","36"
"103000112","36","17","37","08","01"
"103000113","14","09","24","11","06"
"103000114","06","05","12","31","16"
"103000115","14","18","28","38","03"
"103000116","34","21","35","13","06"
"103000117","28","09","31","33","07"
"103000118","17","13","03","37","25"
"103000119","19","07","08","18","27"
"103000120","32","12","35","19","30"
"103000121","20","11","29","07","05"
"103000122","10","13","32","31","29"
"103000123","16","21","18","05","20"
"103000124","37","27","16","38","02"
"103000125","05","19","12","02","38"
"103000126","35","13","39","31","27"
"103000127","20","02","12","08","27"
"103000128","25","23","28","22","07"
"103000129","31","01","07","18","15"
"103000130","12","26","16","31","09"
"103000131","36","34","26","11","13"
"103000132","26","01","03","38","39"
"103000133","10","13","29","04","32"
"103000134","38","18","12","28","24"
"103000135","05","18","30","07","34"
"103000136","30","04","18","26","27"
"103000137","07","17","16","32","01"
"103000138","15","16","31","14","29"
"103000139","31","17","11","13","01"
"103000140","04","14","35","34","12"
"103000141","12","19","38","37","35"
"103000142","37","11","20","23","38"
"103000143","02","39","16","36","14"
"103000144","05","36","13","12","22"
"103000145","04","12","17","23","25"
"103000146","34","30","01","19","39"
"103000147","16","10","24","25","04"
"103000148","29","18","20","04","02"
"103000149","05","36","34","19","12"
"103000150","38","02","27","15","28"
"103000151","14","31","30","04","13"
"103000152","30","02","10","12","11"
"103000153","35","39","32","25","36"
"103000154","30","06","02","10","20"
"103000155","06","39","13","34","30"
"103000156","13","31","23","28","29"
"103000157","37","10","08","26","34"
"103000158","23","28","16","19","02"
"103000159","32","09","35","04","22"
"103000160","13","18","33","17","09"
"103000161","15","35","29","13","02"
"103000162","30","11","19","09","13"
"103000163","17","01","16","15","35"
"103000164","27","32","03","20","13"
"103000165","37","34","25","03","23"
"103000166","21","33","05","35","32"
"103000167","26","15","17","05","10"
"103000168","27","14","28","25","19"
"103000169","14","32","21","18","26"
"103000170","09","34","14","03","11"
"103000171","09","34","36","05","25"
"103000172","18","03","15","35","27"
"103000173","19","01","37","07","13"
"103000174","35","28","27","06","38"
"103000175","11","34","07","02","12"
"103000176","10","03","25","39","13"
"103000177","10","17","02","20","29"
"103000178","17","33","12","05","02"
"103000179","25","28","07","11","26"
"103000180","32","26","35","04","02"
"103000181","12","23","39","37","28"
"103000182","20","33","24","06","01"
"103000183","18","16","09","31","05"
"103000184","15","29","05","24","26"
"103000185","20","10","12","23","27"
"103000186","16","32","11","01","39"
"103000187","38","11","08","06","15"
"103000188","17","39","37","18","10"
"103000189","34","18","08","31","27"
"103000190","20","28","30","13","25"
"103000191","05","20","28","18","38"
"103000192","37","14","03","24","23"
"103000193","32","12","16","23","30"
"103000194","21","29","19","34","32"
"103000195","12","20","03","07","39"
"103000196","06","16","10","22","26"
"103000197","19","35","09","18","20"
"103000198","38","12","32","34","15"
"103000199","39","37","09","15","26"
"103000200","29","34","36","10","23"
"103000201","04","18","37","38","03"
"103000202","09","08","17","30","11"
"103000203","34","03","23","10","13"
"103000204","19","36","28","15","39"
"103000205","34","10","17","18","23"
"103000206","22","05","24","10","36"
"103000207","04","16","20","05","11"
"103000208","20","25","37","26","23"
"103000209","02","15","25","11","33"
"103000210","31","38","24","16","19"
"103000211","10","34","17","25","33"
"103000212","14","30","13","15","27"
"103000213","13","32","15","37","20"
"103000214","18","31","14","38","34"
"103000215","30","04","39","20","17"
"103000216","19","39","07","25","02"
"103000217","11","16","10","17","03"
"103000218","23","18","20","35","32"
"103000219","20","03","17","13","31"
"103000220","27","31","08","24","37"
"103000221","14","13","16","18","05"
"103000222","23","13","36","35","17"
"103000223","38","15","26","10","01"
"103000224","15","23","38","01","22"
"103000225","18","10","07","36","12"
"103000226","03","27","13","36","15"
"103000227","05","03","04","37","07"
"103000228","08","17","07","05","09"
"103000229","29","38","30","28","17"
"103000230","13","27","28","14","39"
"103000231","38","04","39","28","26"
"103000232","12","15","14","05","23"
"103000233","27","16","22","03","02"
"103000234","05","28","27","08","14"
"103000235","37","17","38","22","12"
"103000236","04","17","36","37","39"
"103000237","36","23","05","35","04"
"103000238","05","33","16","14","22"
"103000239","36","21","20","27","25"
"103000240","04","19","20","22","05"
"103000241","32","02","05","06","17"
"103000242","18","32","13","23","09"
"103000243","11","35","19","36","31"
"103000244","22","10","05","06","09"
"103000245","04","14","21","27","35"
"103000246","35","14","33","05","21"
"103000247","29","06","30","18","09"
"103000248","26","01","32","29","12"
"103000249","24","37","35","18","19"
"103000250","09","31","23","36","14"
"103000251","33","32","23","09","04"
"103000252","33","22","19","06","02"
"103000253","15","28","39","19","29"
"103000254","03","14","19","18","05"
"103000255","33","07","25","12","37"
"103000256","10","31","39","27","05"
"103000257","23","03","02","37","05"
"103000258","10","29","27","05","30"
"103000259","34","20","15","07","18"
"103000260","08","09","14","34","31"
"103000261","06","27","11","38","18"
"103000262","11","34","17","36","37"
"103000263","34","05","12","28","29"
"103000264","16","36","09","11","37"
"103000265","03","38","34","29","08"
"103000266","27","28","13","26","05"
"103000267","27","13","17","34","36"
"103000268","20","38","24","26","16"
"103000269","19","37","39","11","25"
"103000270","20","34","30","08","13"
"103000271","05","06","12","20","09"
"103000272","37","08","21","27","30"
"103000273","19","01","33","22","04"
"103000274","25","27","21","16","37"
"103000275","08","18","16","31","19"
"103000276","26","14","23","25","19"
"103000277","36","29","23","27","32"
"103000278","38","11","25","30","07"
"103000279","02","37","36","24","38"
"103000280","10","05","22","25","09"
"103000281","39","18","10","25","26"
"103000282","37","08","32","14","03"
"103000283","07","04","36","05","15"
"103000284","02","19","20","14","35"
"103000285","34","30","23","39","26"
"103000286","02","23","30","18","16"
"103000287","37","10","12","27","20"
"103000288","37","17","19","22","24"
"103000289","20","35","09","23","21"
"103000290","16","28","11","19","18"
"103000291","16","20","36","25","14"
"103000292","01","18","32","37","14"
"103000293","27","02","35","24","08"
"103000294","32","04","09","21","13"
"103000295","30","39","11","33","03"
"103000296","13","11","33","32","37"
"103000297","03","36","24","17","38"
"103000298","35","37","25","22","17"
"103000299","23","26","20","35","17"
"103000300","34","21","24","04","22"
"103000301","25","26","02","04","36"
"103000302","05","32","23","16","04"
"103000303","17","22","15","10","27"
"103000304","22","17","15","21","04"
"103000305","29","08","27","17","06"
"103000306","38","21","30","11","18"
"103000307","36","08","19","33","24"
"103000308","26","28","21","29","16"
"103000309","31","07","27","34","33"
"103000310","11","16","28","32","34"
"103000311","39","07","26","20","19"
"103000312","26","21","04","24","05"
"103000313","19","26","05","33","30"
"104000001","32","26","21","10","11"
"104000002","28","30","09","07","18"
"104000003","32","28","14","31","09"
"104000004","16","09","24","10","28"
"104000005","36","16","20","26","19"
"104000006","12","14","13","37","36"
"104000007","29","26","15","21","12"
"104000008","17","11","01","08","09"
"104000009","37","26","12","04","31"
"104000010","24","34","07","15","37"
"104000011","12","13","33","26","39"
"104000012","35","19","05","30","12"
"104000013","11","09","17","34","12"
"104000014","28","09","33","05","16"
"104000015","32","04","23","39","13"
"104000016","29","10","12","38","37"
"104000017","14","28","02","32","17"
"104000018","18","02","35","32","16"
"104000019","24","01","11","32","15"
"104000020","06","08","07","16","10"
"104000021","07","05","13","12","15"
"104000022","21","09","01","10","02"
"104000023","09","28","17","16","21"
"104000024","17","01","27","30","05"
"104000025","10","09","06","02","26"
"104000026","28","05","29","36","13"
"104000027","16","37","06","04","35"
"104000028","23","17","13","39","29"
"104000029","22","23","17","09","29"
"104000030","01","13","28","35","36"
"104000031","36","23","07","10","20"
"104000032","31","30","25","02","14"
"104000033","31","06","16","04","21"
"104000034","28","26","39","25","12"
"104000035","22","17","07","15","25"
"104000036","23","05","06","29","15"
"104000037","20","07","32","02","25"
"104000038","33","01","04","23","16"
"104000039","33","05","08","04","20"
"104000040","20","31","27","14","02"
"104000041","29","04","01","22","17"
"104000042","07","30","17","25","12"
"104000043","12","21","26","30","03"
"104000044","19","15","10","09","24"
"104000045","18","02","15","31","26"
"104000046","38","23","24","25","04"
"104000047","27","14","23","12","11"
"104000048","38","25","11","05","26"
"104000049","29","36","18","08","39"
"104000050","01","12","30","33","16"
"104000051","09","08","23","28","11"
"104000052","27","23","15","19","10"
"104000053","23","33","32","36","35"
"104000054","35","29","20","03","11"
"104000055","26","38","20","09","31"
"104000056","26","10","02","01","11"
"104000057","33","16","03","17","31"
"104000058","38","20","12","16","28"
"104000059","36","37","17","26","34"
"104000060","37","15","29","10","33"
"104000061","03","31","21","18","13"
"104000062","33","29","30","31","32"
"104000063","06","39","15","38","11"
"104000064","03","15","35","18","19"
"104000065","16","34","03","37","38"
"104000066","06","26","21","32","27"
"104000067","34","13","31","35","36"
"104000068","17","10","06","22","27"
"104000069","08","01","28","05","10"
"104000070","13","07","03","30","16"
"104000071","26","35","19","01","03"
"104000072","05","36","19","32","07"
"104000073","25","23","11","16","05"
"104000074","29","12","27","09","05"
"104000075","21","06","33","11","18"
"104000076","12","26","34","03","22"
"104000077","12","20","33","30","23"
"104000078","05","36","07","02","01"
"104000079","01","28","18","24","35"
"104000080","38","12","11","33","13"
"104000081","18","35","02","09","12"
"104000082","27","18","12","21","10"
"104000083","30","26","23","25","12"
"104000084","13","05","22","11","37"
"104000085","20","37","22","15","30"
"104000086","30","09","18","14","03"
"104000087","17","08","33","37","25"
"104000088","34","12","01","03","10"
"104000089","13","36","09","34","02"
"104000090","38","06","17","33","32"
"104000091","14","24","12","07","06"
"104000092","12","39","04","24","36"
"104000093","21","30","18","07","32"
"104000094","05","07","01","14","17"
"104000095","07","39","01","13","05"
"104000096","16","12","21","35","34"
"104000097","05","22","31","35","09"
"104000098","33","29","02","19","17"
"104000099","29","38","37","31","27"
"104000100","17","32","12","22","13"
"104000101","02","13","39","16","12"
"104000102","38","01","29","24","07"
"104000103","01","15","28","05","06"
"104000104","18","05","13","11","04"
"104000105","37","35","23","21","18"
"104000106","28","06","25","11","21"
"104000107","33","30","12","17","28"
"104000108","03","17","15","23","27"
"104000109","23","13","21","17","31"
"104000110","33","35","16","01","14"
"104000111","03","24","26","38","10"
"104000112","17","24","12","09","18"
"104000113","26","38","39","20","27"
"104000114","23","09","20","07","33"
"104000115","16","17","36","31","37"
"104000116","28","06","16","23","32"
"104000117","04","27","34","03","31"
"104000118","04","26","16","25","35"
"104000119","01","23","02","16","14"
"104000120","05","12","07","06","27"
"104000121","22","24","05","02","26"
"104000122","16","18","27","30","17"
"104000123","23","24","33","03","27"
"104000124","11","28","23","30","12"
"104000125","37","21","22","35","09"
"104000126","11","04","06","37","36"
"104000127","09","16","18","26","34"
"104000128","10","35","08","36","27"
"104000129","37","19","17","24","04"
"104000130","20","39","02","10","28"
"104000131","02","23","32","37","05"
"104000132","18","32","13","22","29"
"104000133","18","10","19","07","20"
"104000134","29","24","05","37","17"
"104000135","26","02","39","06","22"
"104000136","28","05","32","31","23"
"104000137","26","38","39","35","21"
"104000138","32","34","05","30","29"
"104000139","27","17","01","20","26"
"104000140","16","30","28","31","10"
"104000141","04","18","03","14","10"
"104000142","37","39","35","04","27"
"104000143","38","30","39","21","01"
"104000144","08","13","16","30","14"
"104000145","01","23","14","31","30"
"104000146","12","24","11","26","23"
"104000147","13","32","23","03","33"
"104000148","12","30","14","06","29"
"104000149","27","26","14","20","10"
"104000150","14","39","24","08","29"
"104000151","26","06","08","29","19"
"104000152","04","39","01","33","10"
"104000153","20","39","30","12","09"
"104000154","17","31","35","25","22"
"104000155","07","10","26","34","16"
"104000156","03","28","11","02","38"
"104000157","18","05","11","30","19"
"104000158","17","33","09","25","14"
"104000159","36","18","29","23","33"
"104000160","03","14","39","24","33"
"104000161","36","05","28","23","25"
"104000162","34","10","12","38","13"
"104000163","27","29","32","23","05"
"104000164","14","02","25","15","01"
"104000165","16","11","03","06","23"
"104000166","01","29","24","16","14"
"104000167","15","37","08","32","33"
"104000168","28","20","26","39","34"
"104000169","37","09","39","26","21"
"104000170","23","08","26","03","15"
"104000171","27","21","38","36","16"
"104000172","10","37","38","35","31"
"104000173","15","11","39","03","18"
"104000174","37","14","04","20","19"
"104000175","31","19","29","39","30"
"104000176","27","31","28","19","05"
"104000177","17","26","09","14","02"
"104000178","30","05","13","09","03"
"104000179","12","29","14","11","32"
"104000180","35","08","21","32","33"
"104000181","25","10","29","18","28"
"104000182","38","36","32","14","16"
"104000183","10","27","09","32","22"
"104000184","21","24","15","20","01"
"104000185","29","05","10","17","37"
"104000186","31","30","27","10","05"
"104000187","18","39","01","09","27"
"104000188","25","36","04","02","23"
"104000189","10","20","11","39","06"
"104000190","27","26","05","30","24"
"104000191","13","35","05","09","07"
"104000192","11","26","09","32","23"
"104000193","13","08","12","38","31"
"104000194","16","17","04","33","06"
"104000195","03","15","31","10","19"
"104000196","06","30","15","31","28"
"104000197","04","34","17","13","30"
"104000198","01","35","36","04","39"
"104000199","25","24","15","12","03"
"104000200","25","38","19","28","17"
"104000201","28","25","22","05","11"
"104000202","25","22","28","33","08"
"104000203","04","35","06","30","07"
"104000204","30","24","10","17","22"
"104000205","22","10","30","20","33"
"104000206","20","18","04","29","06"
"104000207","29","06","27","26","36"
"104000208","02","33","36","34","11"
"104000209","29","23","31","28","17"
"104000210","12","27","31","28","02"
"104000211","18","02","14","04","06"
"104000212","12","32","24","13","07"
"104000213","19","23","15","36","16"
"104000214","21","36","25","20","23"
"104000215","13","08","39","34","18"
"104000216","21","08","24","13","38"
"104000217","34","18","06","13","39"
"104000218","39","03","13","34","27"
"104000219","30","34","10","01","28"
"104000220","01","24","05","07","14"
"104000221","36","25","22","08","02"
"104000222","39","25","02","26","03"
"104000223","18","38","27","09","25"
"104000224","30","01","27","23","02"
"104000225","18","06","22","37","33"
"104000226","18","31","01","27","10"
"104000227","22","30","04","11","02"
"104000228","16","31","08","33","09"
"104000229","15","04","18","37","39"
"104000230","23","35","02","37","21"
"104000231","29","03","08","38","33"
"104000232","29","01","03","25","32"
"104000233","05","29","32","15","12"
"104000234","22","19","09","36","21"
"104000235","21","19","07","39","02"
"104000236","35","13","20","04","01"
"104000237","13","26","25","02","31"
"104000238","34","08","14","07","17"
"104000239","19","24","03","14","17"
"104000240","11","38","36","28","07"
"104000241","34","15","10","39","33"
"104000242","07","26","12","10","39"
"104000243","30","28","39","19","27"
"104000244","25","20","37","10","39"
"104000245","14","08","31","39","22"
"104000246","04","22","10","02","36"
"104000247","20","10","31","23","12"
"104000248","39","31","22","33","32"
"104000249","39","37","03","25","19"
"104000250","34","10","37","24","22"
"104000251","01","28","25","07","23"
"104000252","23","01","06","25","19"
"104000253","33","30","22","14","15"
"104000254","23","19","08","39","11"
"104000255","21","06","15","37","18"
"104000256","36","06","01","16","15"
"104000257","28","32","13","21","09"
"104000258","08","12","21","14","39"
"104000259","24","27","07","20","26"
"104000260","28","29","35","25","04"
"104000261","31","04","09","16","01"
"104000262","34","07","22","33","03"
"104000263","27","39","38","04","37"
"104000264","37","19","18","31","25"
"104000265","11","38","23","06","32"
"104000266","22","35","27","03","18"
"104000267","03","14","25","13","37"
"104000268","17","01","38","20","11"
"104000269","31","02","03","39","11"
"104000270","15","22","01","33","06"
"104000271","13","10","21","08","11"
"104000272","09","26","11","30","13"
"104000273","21","01","29","05","07"
"104000274","31","15","25","08","01"
"104000275","23","13","25","11","10"
"104000276","31","02","12","11","16"
"104000277","13","33","39","08","27"
"104000278","04","34","17","03","32"
"104000279","15","22","12","35","09"
"104000280","22","34","04","13","25"
"104000281","09","10","35","37","03"
"104000282","19","22","06","09","02"
"104000283","03","27","02","10","20"
"104000284","21","39","20","13","30"
"104000285","12","03","10","37","28"
"104000286","13","15","19","34","06"
"104000287","14","23","19","20","04"
"104000288","06","37","08","33","16"
"104000289","10","12","21","05","24"
"104000290","19","06","34","10","28"
"104000291","12","11","38","36","14"
"104000292","30","34","21","10","38"
"104000293","36","39","24","14","27"
"104000294","16","21","02","22","23"
"104000295","38","08","36","05","32"
"104000296","23","24","26","10","37"
"104000297","28","08","04","39","07"
"104000298","26","05","34","17","01"
"104000299","07","36","30","28","38"
"104000300","30","21","18","36","13"
"104000301","15","34","37","26","01"
"104000302","04","30","07","18","34"
"104000303","13","32","01","20","22"
"104000304","15","14","10","07","23"
"104000305","04","34","08","31","16"
"104000306","01","39","11","23","03"
"104000307","28","09","26","21","14"
"104000308","30","26","32","16","22"
"104000309","20","08","19","24","01"
"104000310","34","37","05","23","03"
"104000311","39","38","10","22","17"
"104000312","09","35","26","14","34"
"104000313","18","07","22","35","38"
"105000001","02","15","01","16","14"
"105000002","25","29","28","17","09"
"105000003","07","12","15","06","03"
"105000004","36","24","19","20","37"
"105000005","31","03","36","25","05"
"105000006","09","04","08","23","02"
"105000007","25","31","28","06","10"
"105000008","07","18","05","29","16"
"105000009","24","38","09","14","25"
"105000010","23","31","17","04","39"
"105000011","20","24","13","02","39"
"105000012","11","24","35","23","06"
"105000013","04","01","05","08","37"
"105000014","31","36","20","05","26"
"105000015","23","12","04","16","18"
"105000016","04","05","21","34","08"
"105000017","21","16","12","24","18"
"105000018","08","01","37","21","16"
"105000019","03","27","31","35","18"
"105000020","06","10","18","37","09"
"105000021","30","29","11","23","16"
"105000022","09","18","07","19","33"
"105000023","10","36","09","19","04"
"105000024","29","13","27","07","05"
"105000025","29","08","06","32","20"
"105000026","05","29","04","20","21"
"105000027","17","21","35","15","23"
"105000028","38","20","02","15","06"
"105000029","39","17","35","06","07"
"105000030","17","29","26","18","36"
"105000031","35","34","31","32","15"
"105000032","20","13","39","01","37"
"105000033","33","28","08","24","21"
"105000034","38","34","02","10","35"
"105000035","36","08","12","07","35"
"105000036","33","30","27","17","11"
"105000037","39","17","14","10","30"
"105000038","01","17","02","25","15"
"105000039","39","30","06","05","33"
"105000040","25","34","33","35","30"
"105000041","20","06","16","37","34"
"105000042","27","38","22","36","18"
"105000043","03","32","25","02","08"
"105000044","03","38","01","04","27"
"105000045","34","17","14","33","36"
"105000046","02","17","27","31","28"
"105000047","10","35","12","20","23"
"105000048","34","36","14","20","37"
"105000049","03","25","28","15","10"
"105000050","05","06","18","20","09"
"105000051","04","02","09","36","26"
"105000052","18","21","30","22","13"
"105000053","01","31","09","13","27"
"105000054","14","23","22","18","05"
"105000055","37","29","15","08","06"
"105000056","10","22","39","01","16"
"105000057","06","26","03","14","20"
"105000058","03","38","30","32","29"
"105000059","13","36","38","05","39"
"105000060","22","30","27","31","34"
"105000061","16","33","02","25","28"
"105000062","23","37","35","30","26"
"105000063","25","28","11","33","15"
"105000064","15","26","38","39","32"
"105000065","32","28","38","30","33"
"105000066","37","32","28","27","06"
"105000067","06","23","10","20","35"
"105000068","29","22","07","06","39"
"105000069","14","03","08","18","06"
"105000070","02","29","32","14","12"
"105000071","02","27","19","07","17"
"105000072","37","07","10","01","35"
"105000073","22","12","30","18","14"
"105000074","09","08","17","05","15"
"105000075","03","28","10","32","19"
"105000076","02","03","30","20","09"
"105000077","27","02","05","04","33"
"105000078","12","25","36","11","33"
"105000079","24","25","20","02","19"
"105000080","15","07","22","12","21"
"105000081","05","38","39","18","32"
"105000082","21","34","22","20","23"
"105000083","11","09","04","35","06"
"105000084","04","23","29","13","25"
"105000085","21","18","13","01","19"
"105000086","38","10","16","35","08"
"105000087","18","01","06","24","32"
"105000088","16","19","15","02","31"
"105000089","17","05","03","24","18"
"105000090","32","15","31","39","11"
"105000091","05","14","36","22","15"
"105000092","07","25","08","11","38"
"105000093","06","07","09","20","33"
"105000094","21","17","25","13","01"
"105000095","16","19","28","09","34"
"105000096","20","23","02","07","10"
"105000097","06","33","23","05","08"
"105000098","37","28","21","38","05"
"105000099","27","29","30","01","22"
"105000100","03","37","01","28","19"
"105000101","14","05","03","11","34"
"105000102","10","28","22","09","20"
"105000103","22","15","38","21","07"
"105000104","10","30","13","29","22"
"105000105","16","36","21","08","13"
"105000106","05","01","09","07","11"
"105000107","17","08","32","13","31"
"105000108","02","38","34","29","11"
"105000109","36","19","38","22","35"
"105000110","24","35","25","20","04"
"105000111","04","17","24","18","01"
"105000112","33","36","28","39","13"
"105000113","07","27","38","33","02"
"105000114","21","33","12","08","27"
"105000115","03","05","29","21","26"
"105000116","14","34","18","23","15"
"105000117","34","28","27","14","17"
"105000118","27","09","07","08","33"
"105000119","25","09","19","16","26"
"105000120","34","39","21","24","07"
"105000121","23","31","36","09","04"
"105000122","26","38","22","10","35"
"105000123","36","14","17","32","27"
"105000124","17","25","34","15","33"
"105000125","33","13","01","04","32"
"105000126","04","24","21","11","28"
"105000127","05","02","08","10","22"
"105000128","36","15","35","31","25"
"105000129","17","09","26","03","27"
"105000130","10","17","01","38","04"
"105000131","16","23","39","15","21"
"105000132","24","08","05","09","02"
"105000133","28","27","25","07","35"
"105000134","16","28","20","11","09"
"105000135","05","37","13","15","04"
"105000136","29","25","15","35","20"
"105000137","34","15","31","07","23"
"105000138","17","06","36","33","11"
"105000139","33","21","18","30","26"
"105000140","31","35","25","29","01"
"105000141","10","05","06","02","09"
"105000142","21","06","17","02","23"
"105000143","05","35","31","16","38"
"105000144","14","03","25","01","16"
"105000145","07","18","22","12","33"
"105000146","36","38","20","23","15"
"105000147","18","17","37","25","28"
"105000148","32","06","21","14","34"
"105000149","16","11","31","04","32"
"105000150","15","11","10","09","12"
"105000151","16","10","23","11","05"
"105000152","29","10","28","18","16"
"105000153","31","26","29","33","13"
"105000154","20","03","07","29","05"
"105000155","13","38","04","31","10"
"105000156","18","32","15","04","38"
"105000157","25","14","07","36","27"
"105000158","37","03","20","28","15"
"105000159","36","28","09","37","32"
"105000160","10","19","17","25","09"
"105000161","08","32","34","31","11"
"105000162","17","25","27","19","09"
"105000163","25","29","32","24","26"
"105000164","27","10","21","12","17"
"105000165","35","20","09","11","08"
"105000166","22","05","37","30","39"
"105000167","01","17","25","05","02"
"105000168","39","34","25","29","01"
"105000169","16","32","33","07","25"
"105000170","17","09","10","34","39"
"105000171","06","28","25","19","38"
"105000172","11","23","38","12","21"
"105000173","33","01","15","27","11"
"105000174","22","33","30","36","02"
"105000175","02","10","04","18","30"
"105000176","09","07","10","02","12"
"105000177","08","25","22","27","14"
"105000178","01","39","27","09","10"
"105000179","02","32","34","14","21"
"105000180","31","03","02","09","26"
"105000181","32","27","03","35","39"
"105000182","11","19","23","29","17"
"105000183","22","05","09","38","23"
"105000184","05","31","22","10","23"
"105000185","11","22","32","36","25"
"105000186","31","19","12","25","16"
"105000187","24","36","35","11","03"
"105000188","03","01","02","34","11"
"105000189","36","37","30","03","12"
"105000190","19","27","05","11","29"
"105000191","30","14","29","28","15"
"105000192","34","14","02","11","21"
"105000193","34","18","26","09","04"
"105000194","39","16","04","06","12"
"105000195","24","16","36","29","30"
"105000196","02","04","32","28","20"
"105000197","18","13","11","19","39"
"105000198","39","20","21","24","28"
"105000199","11","20","04","13","35"
"105000200","32","01","05","28","17"
"105000201","15","04","27","09","22"
"105000202","24","05","25","27","21"
"105000203","39","38","13","01","35"
"105000204","29","01","22","12","13"
"105000205","18","35","07","36","10"
"105000206","34","35","25","02","28"
"105000207","17","28","36","10","13"
"105000208","21","16","26","08","15"
"105000209","21","08","17","37","09"
"105000210","05","16","11","26","07"
"105000211","05","30","19","06","04"
"105000212","14","30","08","18","23"
"105000213","08","28","30","33","11"
"105000214","20","32","30","04","35"
"105000215","15","14","27","37","02"
"105000216","02","07","32","37","26"
"105000217","23","16","18","30","11"
"105000218","25","17","31","37","11"
"105000219","21","06","12","29","26"
"105000220","10","32","26","31","04"
"105000221","11","38","16","29","15"
"105000222","35","19","25","21","07"
"105000223","08","12","06","29","13"
"105000224","04","17","12","22","02"
"105000225","35","24","18","07","16"
"105000226","21","39","37","25","04"
"105000227","20","09","11","05","29"
"105000228","17","31","10","04","25"
"105000229","20","09","24","08","05"
"105000230","25","33","27","04","20"
"105000231","10","14","31","20","32"
"105000232","18","38","07","12","11"
"105000233","27","10","38","11","14"
"105000234","23","16","12","10","06"
"105000235","18","34","20","32","35"
"105000236","15","03","19","12","10"
"105000237","30","04","17","24","19"
"105000238","12","39","21","28","35"
"105000239","27","09","32","22","15"
"105000240","01","26","25","35","17"
"105000241","19","06","16","08","15"
"105000242","37","27","15","07","22"
"105000243","35","16","38","20","31"
"105000244","26","13","36","35","08"
"105000245","07","02","35","21","22"
"105000246","11","22","17","24","04"
"105000247","12","22","15","02","21"
"105000248","07","22","21","32","31"
"105000249","34","09","27","11","39"
"105000250","07","22","39","17","35"
"105000251","03","15","17","22","27"
"105000252","19","25","05","33","37"
"105000253","03","34","15","33","28"
"105000254","37","13","16","31","36"
"105000255","19","27","08","10","31"
"105000256","26","12","29","03","09"
"105000257","10","25","32","01","34"
"105000258","39","23","33","27","16"
"105000259","30","12","32","20","28"
"105000260","15","28","21","19","11"
"105000261","13","03","31","01","17"
"105000262","32","02","15","27","22"
"105000263","17","29","38","36","28"
"105000264","09","14","03","06","39"
"105000265","34","38","37","31","32"
"105000266","22","03","18","38","15"
"105000267","22","30","32","10","34"
"105000268","26","13","36","17","04"
"105000269","07","01","12","26","32"
"105000270","35","09","05","17","03"
"105000271","05","08","13","15","20"
"105000272","12","10","29","32","15"
"105000273","29","16","19","02","25"
"105000274","28","32","37","13","19"
"105000275","29","05","23","12","33"
"105000276","23","25","06","16","26"
"105000277","33","20","13","01","24"
"105000278","20","12","16","05","37"
"105000279","30","16","08","17","22"
"105000280","25","34","20","04","05"
"105000281","08","29","16","02","20"
"105000282","38","16","20","25","10"
"105000283","17","07","12","31","22"
"105000284","24","01","34","12","37"
"105000285","18","19","09","36","08"
"105000286","05","19","34","17","12"
"105000287","14","22","25","04","33"
"105000288","30","07","14","04","01"
"105000289","32","16","17","36","33"
"105000290","16","20","22","09","07"
"105000291","39","08","21","13","07"
"105000292","21","24","32","12","06"
"105000293","17","31","07","18","12"
"105000294","16","13","09","01","07"
"105000295","24","33","22","05","32"
"105000296","37","26","01","08","38"
"105000297","22","08","02","18","39"
"105000298","17","38","20","02","06"
"105000299","36","37","34","15","08"
"105000300","20","19","35","17","25"
"105000301","02","39","10","20","13"
"105000302","08","15","01","20","06"
"105000303","12","02","23","33","17"
"105000304","15","28","11","34","18"
"105000305","02","08","19","27","03"
"105000306","18","30","24","07","22"
"105000307","20","32","06","37","08"
"105000308","18","17","09","15","11"
"105000309","29","06","07","30","03"
"105000310","19","30","28","31","16"
"105000311","26","20","09","18","12"
"105000312","37","39","25","30","15"
"105000313","38","36","13","11","29"
"105000314","14","34","21","18","26"
"106000001","06","15","10","14","22"
"106000002","21","08","29","13","02"
"106000003","22","07","09","37","11"
"106000004","27","24","33","26","25"
"106000005","12","38","02","06","11"
"106000006","08","18","14","12","35"
"106000007","30","24","09","27","16"
"106000008","04","09","33","20","31"
"106000009","15","07","09","24","10"
"106000010","34","22","20","31","11"
"106000011","24","34","22","18","04"
"106000012","14","27","05","07","06"
"106000013","04","30","23","05","33"
"106000014","33","16","28","18","19"
"106000015","20","21","36","09","37"
"106000016","11","02","17","26","29"
"106000017","35","08","26","36","11"
"106000018","33","15","17","21","08"
"106000019","13","26","04","37","30"
"106000020","31","28","34","26","33"
"106000021","26","07","08","18","29"
"106000022","23","29","05","31","36"
"106000023","37","12","03","06","01"
"106000024","07","39","08","10","29"
"106000025","37","22","11","04","08"
"106000026","01","06","18","08","09"
"106000027","25","17","13","07","15"
"106000028","30","04","32","20","05"
"106000029","19","25","18","36","27"
"106000030","03","09","08","07","35"
"106000031","36","26","10","29","24"
"106000032","11","01","24","08","34"
"106000033","24","08","06","39","38"
"106000034","17","29","02","38","03"
"106000035","32","27","22","17","05"
"106000036","25","17","20","02","15"
"106000037","20","05","15","21","08"
"106000038","07","20","14","09","01"
"106000039","18","26","20","27","32"
"106000040","02","23","03","34","16"
"106000041","08","31","18","10","02"
"106000042","37","06","04","09","16"
"106000043","15","23","29","34","02"
"106000044","25","28","26","16","12"
"106000045","07","37","30","17","23"
"106000046","06","14","38","04","12"
"106000047","31","33","06","35","28"
"106000048","38","07","24","17","14"
"106000049","27","37","25","34","04"
"106000050","17","04","12","16","14"
"106000051","35","34","20","09","01"
"106000052","20","13","36","32","29"
"106000053","21","07","09","22","19"
"106000054","24","10","29","28","11"
"106000055","28","11","12","10","13"
"106000056","33","09","03","34","11"
"106000057","08","19","07","28","24"
"106000058","06","38","26","02","23"
"106000059","34","08","30","12","10"
"106000060","32","18","01","27","25"
"106000061","23","33","28","12","05"
"106000062","35","04","29","12","22"
"106000063","31","33","17","35","21"
"106000064","32","37","04","02","34"
"106000065","08","15","01","14","38"
"106000066","10","05","25","38","07"
"106000067","01","27","39","29","18"
"106000068","36","34","06","31","24"
"106000069","03","27","06","09","08"
"106000070","26","29","10","36","39"
"106000071","06","11","32","35","15"
"106000072","30","38","35","27","08"
"106000073","27","02","15","11","19"
"106000074","27","16","38","04","13"
"106000075","08","24","05","23","19"
"106000076","04","20","30","03","39"
"106000077","22","18","39","17","19"
"106000078","27","21","05","07","24"
"106000079","23","08","19","21","35"
"106000080","27","25","26","29","36"
"106000081","15","30","19","12","20"
"106000082","09","21","35","36","06"
"106000083","23","25","32","07","20"
"106000084","39","16","36","26","21"
"106000085","23","32","15","27","22"
"106000086","21","38","39","25","15"
"106000087","25","27","23","03","34"
"106000088","29","10","35","30","38"
"106000089","19","02","21","36","32"
"106000090","22","15","24","19","28"
"106000091","31","10","14","26","11"
"106000092","09","18","23","34","30"
"106000093","11","09","35","04","22"
"106000094","37","35","21","17","36"
"106000095","30","34","19","15","23"
"106000096","16","11","35","38","01"
"106000097","35","03","39","29","34"
"106000098","16","31","01","09","12"
"106000099","13","35","34","18","03"
"106000100","11","08","38","26","06"
"106000101","32","15","16","22","35"
"106000102","16","22","11","33","31"
"106000103","16","31","36","33","24"
"106000104","11","04","33","19","16"
"106000105","22","18","07","35","26"
"106000106","23","38","11","22","16"
"106000107","14","11","21","04","20"
"106000108","35","16","07","05","36"
"106000109","36","35","24","38","22"
"106000110","02","19","33","08","27"
"106000111","06","39","27","34","05"
"106000112","04","26","07","27","33"
"106000113","39","07","15","02","38"
"106000114","13","38","06","22","14"
"106000115","16","02","25","09","34"
"106000116","13","23","04","31","11"
"106000117","28","30","17","29","15"
"106000118","07","12","36","05","32"
"106000119","06","24","10","09","25"
"106000120","10","29","17","20","22"
"106000121","12","16","27","03","02"
"106000122","25","27","31","08","12"
"106000123","25","36","09","07","21"
"106000124","30","37","05","36","02"
"106000125","11","32","25","27","04"
"106000126","09","34","25","33","31"
"106000127","22","38","36","30","26"
"106000128","20","10","39","11","35"
"106000129","01","33","05","08","28"
"106000130","17","34","10","14","06"
"106000131","22","26","05","07","03"
"106000132","25","39","06","19","14"
"106000133","01","28","19","16","26"
"106000134","33","29","23","25","08"
"106000135","30","29","15","33","19"
"106000136","23","19","12","14","26"
"106000137","04","31","38","39","07"
"106000138","16","28","14","26","27"
"106000139","22","12","11","06","19"
"106000140","09","20","01","02","22"
"106000141","30","03","25","37","06"
"106000142","11","02","16","25","38"
"106000143","37","28","34","31","17"
"106000144","39","17","26","15","04"
"106000145","33","39","31","13","34"
"106000146","14","35","21","39","16"
"106000147","20","04","26","18","10"
"106000148","03","32","26","24","22"
"106000149","07","06","29","19","04"
"106000150","31","05","19","27","07"
"106000151","26","04","05","23","19"
"106000152","14","17","19","12","21"
"106000153","13","36","34","02","37"
"106000154","21","25","18","27","31"
"106000155","05","30","28","35","11"
"106000156","25","15","07","08","21"
"106000157","11","20","17","36","32"
"106000158","29","12","19","15","36"
"106000159","10","34","12","08","32"
"106000160","36","03","16","21","26"
"106000161","16","15","02","25","18"
"106000162","26","14","04","09","22"
"106000163","13","19","04","20","24"
"106000164","36","25","05","20","14"
"106000165","03","36","37","29","05"
"106000166","14","35","07","21","37"
"106000167","32","28","23","15","16"
"106000168","02","33","05","32","14"
"106000169","14","08","36","23","10"
"106000170","37","39","33","01","09"
"106000171","29","22","33","04","20"
"106000172","10","15","30","23","06"
"106000173","31","02","37","05","22"
"106000174","09","11","24","30","34"
"106000175","02","24","19","16","27"
"106000176","24","28","09","29","27"
"106000177","27","20","37","29","11"
"106000178","20","34","14","38","03"
"106000179","25","16","35","38","37"
"106000180","05","36","33","18","30"
"106000181","37","08","17","35","13"
"106000182","21","13","17","11","16"
"106000183","18","21","17","15","13"
"106000184","32","38","35","30","27"
"106000185","20","38","08","14","33"
"106000186","05","18","26","10","28"
"106000187","38","10","12","03","13"
"106000188","36","04","29","08","17"
"106000189","29","32","09","30","12"
"106000190","36","26","12","14","23"
"106000191","20","03","10","02","30"
"106000192","02","30","28","23","20"
"106000193","26","25","18","14","32"
"106000194","39","13","17","04","33"
"106000195","02","04","36","18","07"
"106000196","37","01","08","15","20"
"106000197","28","29","16","06","08"
"106000198","34","09","29","23","13"
"106000199","08","15","12","35","36"
"106000200","24","07","31","34","35"
"106000201","38","31","30","26","32"
"106000202","29","27","32","19","31"
"106000203","36","11","27","33","16"
"106000204","09","25","12","35","06"
"106000205","07","11","32","14","34"
"106000206","21","38","22","03","30"
"106000207","17","21","12","30","38"
"106000208","01","12","08","39","38"
"106000209","05","23","24","19","15"
"106000210","19","10","18","04","37"
"106000211","29","34","21","27","05"
"106000212","36","05","06","38","07"
"106000213","08","33","28","05","35"
"106000214","30","13","27","31","12"
"106000215","36","33","15","10","05"
"106000216","24","19","25","31","05"
"106000217","01","26","28","37","03"
"106000218","22","09","17","10","26"
"106000219","30","11","28","39","31"
"106000220","16","17","32","30","21"
"106000221","35","04","28","07","12"
"106000222","04","02","35","21","28"
"106000223","25","32","03","33","34"
"106000224","08","07","06","31","04"
"106000225","19","37","25","38","07"
"106000226","04","10","05","37","08"
"106000227","16","21","12","04","10"
"106000228","18","32","06","07","37"
"106000229","27","36","08","03","18"
"106000230","15","30","25","24","02"
"106000231","30","31","29","35","10"
"106000232","32","04","26","23","33"
"106000233","04","23","13","02","08"
"106000234","38","06","04","27","01"
"106000235","19","08","25","15","18"
"106000236","11","21","30","14","16"
"106000237","32","06","17","26","11"
"106000238","19","17","24","37","21"
"106000239","03","33","11","29","28"
"106000240","05","26","34","29","20"
"106000241","14","05","15","10","07"
"106000242","38","13","37","28","21"
"106000243","17","20","30","08","19"
"106000244","26","36","32","28","23"
"106000245","07","15","24","34","37"
"106000246","35","13","39","02","36"
"106000247","35","30","22","28","38"
"106000248","35","06","32","24","31"
"106000249","06","18","31","09","32"
"106000250","33","28","20","34","16"
"106000251","02","29","07","16","33"
"106000252","17","12","34","26","27"
"106000253","25","03","30","11","36"
"106000254","20","25","15","14","08"
"106000255","17","03","27","31","23"
"106000256","13","35","18","17","27"
"106000257","03","22","02","07","19"
"106000258","14","21","10","02","12"
"106000259","02","31","36","15","21"
"106000260","09","05","37","01","03"
"106000261","35","38","01","18","13"
"106000262","10","38","05","19","02"
"106000263","13","36","28","12","04"
"106000264","11","28","06","22","04"
"106000265","23","20","24","28","17"
"106000266","29","25","13","03","06"
"106000267","05","13","20","19","21"
"106000268","14","18","37","02","31"
"106000269","09","22","19","29","16"
"106000270","32","21","24","28","09"
"106000271","02","05","25","14","08"
"106000272","20","14","02","01","37"
"106000273","33","26","15","02","11"
"106000274","38","26","33","31","08"
"106000275","24","29","05","11","12"
"106000276","13","34","29","20","14"
"106000277","30","34","17","24","27"
"106000278","01","18","07","06","36"
"106000279","33","24","21","30","17"
"106000280","22","26","04","27","17"
"106000281","11","26","22","07","37"
"106000282","36","08","22","31","09"
"106000283","01","23","38","35","05"
"106000284","21","25","16","05","24"
"106000285","13","04","14","16","29"
"106000286","01","22","31","39","30"
"106000287","21","25","24","23","11"
"106000288","05","37","17","03","23"
"106000289","39","08","24","18","17"
"106000290","20","02","21","34","29"
"106000291","04","20","19","34","28"
"106000292","08","19","38","10","06"
"106000293","10","30","22","05","04"
"106000294","09","35","34","17","39"
"106000295","28","17","34","16","18"
"106000296","09","39","23","21","06"
"106000297","21","33","22","11","12"
"106000298","38","08","26","19","25"
"106000299","14","36","37","27","30"
"106000300","14","37","30","29","19"
"106000301","34","07","18","03","01"
"106000302","04","08","25","27","11"
"106000303","38","18","10","07","34"
"106000304","32","24","28","18","03"
"106000305","14","01","06","34","29"
"106000306","19","24","21","30","15"
"106000307","21","05","33","38","11"
"106000308","35","11","07","17","18"
"106000309","35","34","30","03","37"
"106000310","33","07","20","39","10"
"106000311","15","30","10","08","04"
"106000312","36","05","18","35","20"
"107000001","18","01","19","24","14"
"107000002","12","39","09","02","07"
"107000003","18","02","06","03","10"
"107000004","26","10","14","25","21"
"107000005","17","04","12","30","08"
"107000006","13","31","39","07","04"
"107000007","34","22","32","28","02"
"107000008","01","28","23","26","36"
"107000009","32","06","07","13","02"
"107000010","11","03","29","07","12"
"107000011","11","06","16","01","37"
"107000012","34","06","27","09","13"
"107000013","36","06","05","15","09"
"107000014","13","07","15","12","23"
"107000015","26","25","12","07","09"
"107000016","08","23","37","35","29"
"107000017","15","20","03","05","14"
"107000018","12","23","28","25","26"
"107000019","32","14","35","23","34"
"107000020","04","33","07","29","01"
"107000021","36","27","30","37","23"
"107000022","36","14","07","22","06"
"107000023","24","19","27","17","02"
"107000024","23","29","34","39","03"
"107000025","37","19","24","31","22"
"107000026","17","10","08","15","31"
"107000027","02","22","01","13","39"
"107000028","22","37","15","13","20"
"107000029","20","13","16","10","01"
"107000030","24","31","21","34","12"
"107000031","05","17","22","24","23"
"107000032","17","10","12","35","24"
"107000033","26","31","30","03","25"
"107000034","24","01","30","34","05"
"107000035","31","05","07","39","32"
"107000036","14","19","39","21","17"
"107000037","28","04","11","16","14"
"107000038","33","10","20","19","23"
"107000039","02","12","39","17","07"
"107000040","18","05","11","02","28"
"107000041","02","08","31","01","18"
"107000042","38","01","24","13","03"
"107000043","38","13","25","07","33"
"107000044","02","06","23","36","08"
"107000045","03","34","27","13","28"
"107000046","18","01","06","24","14"
"107000047","02","15","05","31","17"
"107000048","26","25","04","32","09"
"107000049","33","07","12","35","37"
"107000050","14","17","12","09","32"
"107000051","02","36","14","31","25"
"107000052","20","08","04","31","39"
"107000053","25","27","10","37","22"
"107000054","14","16","05","36","27"
"107000055","15","35","27","30","24"
"107000056","27","14","11","24","32"
"107000057","32","01","15","08","39"
"107000058","29","38","10","15","24"
"107000059","25","29","01","18","13"
"107000060","27","14","11","06","07"
"107000061","08","01","35","33","02"
"107000062","04","09","36","06","33"
"107000063","21","31","02","25","30"
"107000064","22","04","30","02","32"
"107000065","02","28","16","37","15"
"107000066","14","08","36","26","39"
"107000067","07","16","19","37","36"
"107000068","07","08","32","25","29"
"107000069","05","36","08","22","26"
"107000070","11","06","31","36","04"
"107000071","33","38","06","21","34"
"107000072","23","24","14","17","02"
"107000073","07","23","39","32","02"
"107000074","35","38","06","01","14"
"107000075","36","25","15","23","30"
"107000076","31","23","13","28","19"
"107000077","14","09","21","33","32"
"107000078","04","27","09","28","19"
"107000079","08","32","18","14","23"
"107000080","10","21","08","32","06"
"107000081","07","26","23","38","20"
"107000082","12","27","37","16","31"
"107000083","15","21","38","01","35"
"107000084","10","06","07","05","20"
"107000085","32","34","12","36","27"
"107000086","25","32","07","13","28"
"107000087","27","16","29","08","30"
"107000088","20","14","10","23","03"
"107000089","39","08","02","22","27"
"107000090","09","22","32","34","39"
"107000091","21","05","07","08","22"
"107000092","30","01","13","32","07"
"107000093","30","16","39","29","12"
"107000094","01","06","18","39","21"
"107000095","39","12","23","24","25"
"107000096","12","15","04","13","37"
"107000097","04","36","16","38","10"
"107000098","11","03","05","18","19"
"107000099","15","07","04","26","10"
"107000100","03","39","06","04","36"
"107000101","31","10","17","37","29"
"107000102","05","22","01","28","13"
"107000103","32","01","21","26","15"
"107000104","36","35","38","02","15"
"107000105","05","19","27","35","38"
"107000106","12","25","19","28","33"
"107000107","04","24","02","39","03"
"107000108","08","15","20","21","35"
"107000109","16","02","37","18","07"
"107000110","34","26","32","11","39"
"107000111","02","14","19","20","29"
"107000112","16","20","25","03","19"
"107000113","04","31","32","22","25"
"107000114","26","13","34","38","33"
"107000115","33","12","20","23","39"
"107000116","04","18","24","31","06"
"107000117","30","17","15","27","28"
"107000118","28","24","05","15","35"
"107000119","09","16","35","12","29"
"107000120","17","34","24","36","25"
"107000121","20","29","30","21","23"
"107000122","31","05","29","18","08"
"107000123","14","30","08","24","35"
"107000124","19","21","03","08","16"
"107000125","03","23","13","04","30"
"107000126","33","16","05","24","23"
"107000127","03","07","16","37","05"
"107000128","30","27","20","25","15"
"107000129","16","34","25","29","05"
"107000130","24","39","19","15","25"
"107000131","21","38","16","11","34"
"107000132","24","10","09","34","38"
"107000133","31","23","37","06","18"
"107000134","24","10","02","23","15"
"107000135","22","04","34","30","15"
"107000136","11","14","02","05","22"
"107000137","31","36","22","26","20"
"107000138","05","16","33","30","18"
"107000139","20","36","37","01","10"
"107000140","31","23","18","36","21"
"107000141","02","05","26","19","22"
"107000142","17","29","01","27","14"
"107000143","16","10","09","27","37"
"107000144","31","19","34","20","26"
"107000145","36","04","33","16","08"
"107000146","04","28","12","10","30"
"107000147","33","28","16","31","01"
"107000148","13","26","24","37","10"
"107000149","13","14","17","09","20"
"107000150","37","06","29","19","20"
"107000151","30","38","37","06","22"
"107000152","04","19","30","03","25"
"107000153","08","16","21","17","37"
"107000154","24","17","12","37","25"
"107000155","05","07","34","25","36"
"107000156","33","38","39","36","12"
"107000157","16","21","34","11","24"
"107000158","20","37","09","19","16"
"107000159","19","21","34","23","22"
"107000160","08","33","27","18","14"
"107000161","20","25","17","13","16"
"107000162","06","29","12","34","11"
"107000163","18","23","22","15","17"
"107000164","04","10","20","07","09"
"107000165","12","10","20","14","04"
"107000166","02","35","12","38","29"
"107000167","16","12","32","19","24"
"107000168","33","28","11","37","17"
"107000169","09","34","13","32","30"
"107000170","27","32","31","22","20"
"107000171","08","23","05","15","19"
"107000172","22","32","15","26","33"
"107000173","31","26","08","05","12"
"107000174","03","02","18","08","34"
"107000175","01","34","33","18","07"
"107000176","03","23","02","25","35"
"107000177","11","08","24","30","12"
"107000178","05","28","01","38","16"
"107000179","26","07","33","39","15"
"107000180","12","10","28","23","37"
"107000181","04","14","28","27","18"
"107000182","35","37","21","05","18"
"107000183","05","18","29","17","26"
"107000184","26","36","37","18","29"
"107000185","15","37","07","09","05"
"107000186","35","01","31","38","32"
"107000187","34","14","13","37","16"
"107000188","12","28","31","02","23"
"107000189","10","33","02","27","23"
"107000190","23","17","10","21","09"
"107000191","07","27","19","08","06"
"107000192","11","22","24","34","14"
"107000193","32","05","12","25","28"
"107000194","13","26","37","17","23"
"107000195","39","07","16","17","14"
"107000196","08","09","23","03","22"
"107000197","07","03","22","13","21"
"107000198","26","14","22","16","20"
"107000199","10","03","15","28","22"
"107000200","09","20","34","14","38"
"107000201","01","36","12","31","32"
"107000202","08","04","36","38","11"
"107000203","29","21","15","17","27"
"107000204","15","29","13","36","12"
"107000205","06","15","29","21","26"
"107000206","03","33","11","36","26"
"107000207","34","05","38","16","15"
"107000208","36","13","21","24","01"
"107000209","18","02","04","06","14"
"107000210","04","34","20","26","10"
"107000211","36","08","35","33","28"
"107000212","07","28","38","13","17"
"107000213","05","31","39","01","37"
"107000214","02","25","10","11","37"
"107000215","23","32","19","31","27"
"107000216","31","21","25","19","02"
"107000217","02","21","25","37","24"
"107000218","28","29","20","13","37"
"107000219","04","38","28","33","15"
"107000220","25","21","01","09","35"
"107000221","03","12","02","39","20"
"107000222","22","05","24","20","27"
"107000223","22","08","23","11","26"
"107000224","09","15","07","24","25"
"107000225","24","32","26","01","04"
"107000226","39","28","14","31","24"
"107000227","34","02","12","01","27"
"107000228","04","25","31","09","34"
"107000229","28","21","09","22","38"
"107000230","20","07","05","38","39"
"107000231","02","32","26","34","38"
"107000232","27","23","16","19","14"
"107000233","25","19","24","11","21"
"107000234","28","25","12","37","09"
"107000235","23","04","25","11","36"
"107000236","34","27","09","21","33"
"107000237","03","15","30","38","26"
"107000238","30","17","28","14","23"
"107000239","28","20","15","29","18"
"107000240","28","13","07","01","08"
"107000241","07","25","32","29","36"
"107000242","04","09","14","15","21"
"107000243","09","22","02","37","14"
"107000244","27","32","16","14","35"
"107000245","26","25","35","24","38"
"107000246","22","11","36","16","27"
"107000247","39","38","34","19","28"
"107000248","05","01","39","19","29"
"107000249","37","39","23","30","01"
"107000250","01","13","34","07","05"
"107000251","06","26","25","02","14"
"107000252","36","30","18","06","37"
"107000253","24","21","28","08","17"
"107000254","18","35","01","03","22"
"107000255","06","29","39","32","31"
"107000256","19","27","08","36","15"
"107000257","21","22","36","38","07"
"107000258","32","19","06","18","31"
"107000259","34","38","20","17","14"
"107000260","12","35","20","25","06"
"107000261","15","12","25","28","13"
"107000262","26","28","37","31","14"
"107000263","34","26","01","25","23"
"107000264","12","19","32","24","10"
"107000265","01","26","37","17","33"
"107000266","30","21","05","18","31"
"107000267","31","19","13","06","10"
"107000268","35","16","07","04","31"
"107000269","10","30","35","33","27"
"107000270","04","18","32","38","09"
"107000271","06","03","18","25","38"
"107000272","37","06","11","25","12"
"107000273","16","29","35","25","32"
"107000274","18","22","14","04","10"
"107000275","33","01","38","17","13"
"107000276","13","02","14","04","16"
"107000277","10","36","08","02","19"
"107000278","31","30","28","15","27"
"107000279","27","31","19","24","39"
"107000280","13","25","06","08","02"
"107000281","33","17","18","08","34"
"107000282","02","01","07","39","31"
"107000283","13","19","35","17","04"
"107000284","36","16","25","08","33"
"107000285","23","37","06","04","20"
"107000286","05","29","12","03","26"
"107000287","39","37","04","07","12"
"107000288","14","12","04","08","01"
"107000289","12","18","29","28","19"
"107000290","25","39","14","33","02"
"107000291","16","10","31","17","04"
"107000292","18","22","38","24","09"
"107000293","32","15","12","29","14"
"107000294","02","23","22","38","27"
"107000295","09","20","31","34","16"
"107000296","34","03","22","29","05"
"107000297","14","12","25","22","21"
"107000298","27","35","02","17","15"
"107000299","36","19","33","27","35"
"107000300","26","38","24","12","01"
"107000301","04","07","36","05","25"
"107000302","23","18","16","34","04"
"107000303","20","23","28","36","08"
"107000304","10","16","06","32","07"
"107000305","03","33","04","30","12"
"107000306","10","18","06","14","38"
"107000307","39","10","09","27","20"
"107000308","39","08","03","34","04"
"107000309","22","12","14","26","23"
"107000310","29","34","11","32","30"
"107000311","14","12","10","34","37"
"107000312","10","34","38","01","29"
"107000313","30","21","11","27","07"
"108000001","33","38","12","36","30"
"108000002","18","09","39","04","05"
"108000003","21","28","24","19","05"
"108000004","06","21","37","08","29"
"108000005","09","23","10","36","14"
"108000006","20","34","04","33","08"
"108000007","26","37","13","11","06"
"108000008","34","27","35","21","02"
"108000009","30","27","01","06","26"
"108000010","38","39","04","08","18"
"108000011","05","37","17","22","15"
"108000012","36","01","13","16","08"
"108000013","30","38","06","13","22"
"108000014","39","14","25","21","18"
"108000015","21","08","12","20","27"
"108000016","18","12","24","22","35"
"108000017","19","11","12","37","36"
"108000018","20","21","06","09","12"
"108000019","16","22","31","28","14"
"108000020","34","14","08","26","01"
"108000021","09","05","14","23","35"
"108000022","06","31","02","25","30"
"108000023","30","02","01","09","20"
"108000024","20","24","29","13","01"
"108000025","29","34","04","33","26"
"108000026","03","08","38","17","13"
"108000027","25","26","39","09","02"
"108000028","33","18","35","29","34"
"108000029","24","37","25","34","26"
"108000030","07","19","24","26","03"
"108000031","15","07","26","11","09"
"108000032","12","04","23","01","22"
"108000033","32","06","27","37","04"
"108000034","12","29","28","34","31"
"108000035","34","01","03","33","06"
"108000036","29","21","22","13","11"
"108000037","21","30","33","29","35"
"108000038","05","30","26","04","12"
"108000039","14","15","26","32","38"
"108000040","09","10","01","31","28"
"108000041","38","16","14","17","28"
"108000042","39","32","01","37","28"
"108000043","25","12","37","30","16"
"108000044","35","21","15","18","14"
"108000045","10","04","14","26","35"
"108000046","29","34","09","36","33"
"108000047","14","26","19","35","04"
"108000048","37","27","02","19","33"
"108000049","38","35","22","14","12"
"108000050","08","25","34","05","13"
"108000051","07","02","33","10","21"
"108000052","17","25","11","13","30"
"108000053","26","03","11","06","19"
"108000054","09","11","39","24","13"
"108000055","32","35","05","17","25"
"108000056","38","16","33","23","20"
"108000057","07","18","20","35","33"
"108000058","17","28","07","33","08"
"108000059","21","33","20","37","16"
"108000060","26","06","08","16","30"
"108000061","24","25","05","13","32"
"108000062","30","20","12","07","39"
"108000063","17","38","05","03","09"
"108000064","33","15","27","32","26"
"108000065","34","15","13","11","31"
"108000066","32","04","38","33","31"
"108000067","02","06","18","34","39"
"108000068","32","24","01","19","07"
"108000069","21","29","28","31","22"
"108000070","18","32","33","10","16"
"108000071","26","18","11","32","21"
"108000072","32","26","06","13","20"
"108000073","29","30","04","34","32"
"108000074","23","30","22","27","39"
"108000075","15","06","18","03","17"
"108000076","38","03","19","33","25"
"108000077","33","15","23","32","35"
"108000078","22","23","14","30","06"
"108000079","12","30","17","08","24"
"108000080","27","34","03","39","14"
"108000081","31","24","13","05","14"
"108000082","28","23","06","02","21"
"108000083","21","04","37","24","10"
"108000084","06","16","33","20","38"
"108000085","22","28","03","35","18"
"108000086","31","35","28","27","07"
"108000087","21","26","35","15","13"
"108000088","01","31","30","23","20"
"108000089","38","18","16","14","27"
"108000090","03","34","24","17","32"
"108000091","27","37","26","08","14"
"108000092","25","36","17","38","28"
"108000093","07","14","20","27","30"
"108000094","10","21","06","15","16"
"108000095","18","21","34","33","24"
"108000096","06","01","25","36","15"
"108000097","39","22","30","34","17"
"108000098","34","13","22","23","06"
"108000099","32","06","34","12","17"
"108000100","01","05","23","09","13"
"108000101","13","17","15","24","25"
"108000102","31","11","33","26","21"
"108000103","25","06","28","08","31"
"108000104","10","23","28","39","38"
"108000105","03","04","13","33","36"
"108000106","24","32","07","38","31"
"108000107","24","03","20","12","01"
"108000108","25","37","35","24","20"
"108000109","05","34","25","21","23"
"108000110","11","03","01","05","39"
"108000111","23","19","27","17","36"
"108000112","09","13","02","11","14"
"108000113","11","33","25","02","09"
"108000114","19","28","35","33","34"
"108000115","35","14","05","07","38"
"108000116","22","23","27","14","15"
"108000117","08","13","15","17","39"
"108000118","08","13","09","30","22"
"108000119","07","17","11","29","01"
"108000120","02","32","25","22","20"
"108000121","34","36","23","01","29"
"108000122","34","31","37","25","01"
"108000123","32","15","26","16","30"
"108000124","29","26","33","19","39"
"108000125","23","36","08","38","28"
"108000126","39","09","10","33","21"
"108000127","17","29","21","22","07"
"108000128","12","14","16","31","07"
"108000129","28","37","16","12","33"
"108000130","32","07","20","05","25"
"108000131","17","28","18","14","19"
"108000132","21","16","36","38","19"
"108000133","05","27","02","35","19"
"108000134","31","38","36","09","12"
"108000135","14","07","34","08","19"
"108000136","30","09","16","05","33"
"108000137","22","13","06","01","18"
"108000138","20","19","35","07","09"
"108000139","05","07","36","09","31"
"108000140","17","23","03","29","13"
"108000141","33","35","27","21","19"
"108000142","33","24","14","20","18"
"108000143","09","23","20","17","03"
"108000144","18","33","22","24","29"
"108000145","20","06","08","32","05"
"108000146","04","31","08","34","01"
"108000147","27","12","01","35","36"
"108000148","06","04","36","28","35"
"108000149","14","27","25","15","21"
"108000150","37","18","09","33","21"
"108000151","28","21","04","13","11"
"108000152","27","25","01","36","24"
"108000153","06","02","21","27","33"
"108000154","34","17","25","19","08"
"108000155","35","02","20","22","24"
"108000156","25","10","02","23","01"
"108000157","12","09","02","11","16"
"108000158","04","28","06","34","25"
"108000159","32","20","39","11","38"
"108000160","38","01","11","39","33"
"108000161","09","32","28","19","29"
"108000162","23","24","04","21","18"
"108000163","24","08","05","39","17"
"108000164","30","32","27","03","29"
"108000165","25","28","15","39","26"
"108000166","17","22","25","15","24"
"108000167","30","18","19","22","14"
"108000168","22","23","18","24","13"
"108000169","09","39","19","05","26"
"108000170","17","26","23","27","08"
"108000171","18","22","33","16","38"
"108000172","09","16","26","17","34"
"108000173","01","07","14","16","28"
"108000174","19","20","32","34","25"
"108000175","10","23","04","25","12"
"108000176","13","28","14","29","32"
"108000177","36","17","24","14","37"
"108000178","02","28","03","37","21"
"108000179","34","07","24","38","09"
"108000180","19","05","07","09","30"
"108000181","09","25","19","10","16"
"108000182","39","32","19","35","38"
"108000183","02","17","03","01","10"
"108000184","23","33","31","39","04"
"108000185","34","19","23","36","21"
"108000186","16","01","22","05","11"
"108000187","11","28","04","15","05"
"108000188","22","07","32","37","23"
"108000189","35","32","36","26","12"
"108000190","13","25","26","19","33"
"108000191","30","33","17","38","14"
"108000192","39","08","20","35","36"
"108000193","24","18","10","22","16"
"108000194","10","38","37","06","32"
"108000195","38","12","23","01","39"
"108000196","19","07","37","31","13"
"108000197","05","16","11","28","12"
"108000198","01","17","09","21","31"
"108000199","01","32","20","38","11"
"108000200","26","09","17","01","20"
"108000201","03","12","34","38","29"
"108000202","09","14","21","28","26"
"108000203","21","19","15","39","03"
"108000204","34","15","11","05","35"
"108000205","13","19","08","17","01"
"108000206","11","04","22","33","15"
"108000207","35","11","02","31","16"
"108000208","09","30","10","32","26"
"108000209","26","35","10","36","03"
"108000210","11","01","02","15","12"
"108000211","24","02","32","03","25"
"108000212","06","15","13","09","11"
"108000213","26","28","24","39","17"
"108000214","26","15","18","03","06"
"108000215","34","01","02","29","35"
"108000216","03","10","31","01","09"
"108000217","12","31","23","15","36"
"108000218","25","06","08","10","21"
"108000219","12","23","30","27","37"
"108000220","14","35","04","16","31"
"108000221","37","24","35","02","04"
"108000222","20","24","10","39","38"
"108000223","37","08","25","10","15"
"108000224","23","16","32","04","22"
"108000225","28","07","25","32","35"
"108000226","24","27","23","20","38"
"108000227","29","12","39","07","21"
"108000228","30","28","33","34","18"
"108000229","37","18","11","15","24"
"108000230","36","03","06","20","29"
"108000231","02","18","22","12","38"
"108000232","32","26","11","08","38"
"108000233","23","14","27","38","02"
"108000234","16","26","15","04","34"
"108000235","05","39","25","28","37"
"108000236","27","11","03","24","29"
"108000237","24","36","31","07","28"
"108000238","36","02","13","01","22"
"108000239","15","12","08","11","13"
"108000240","18","13","26","01","16"
"108000241","02","29","12","01","32"
"108000242","01","19","20","08","36"
"108000243","29","26","17","35","31"
"108000244","35","01","15","28","24"
"108000245","11","15","06","26","39"
"108000246","10","14","17","28","27"
"108000247","23","19","26","06","25"
"108000248","01","33","02","11","34"
"108000249","31","18","37","21","05"
"108000250","04","26","03","11","28"
"108000251","09","25","37","11","12"
"108000252","39","32","27","25","24"
"108000253","24","38","05","25","22"
"108000254","26","12","18","34","30"
"108000255","25","29","03","16","13"
"108000256","31","32","05","26","23"
"108000257","15","20","25","35","03"
"108000258","03","31","02","26","23"
"108000259","03","36","01","28","23"
"108000260","26","07","10","01","25"
"108000261","30","32","23","37","02"
"108000262","27","26","29","04","16"
"108000263","32","09","10","25","12"
"108000264","23","32","28","14","34"
"108000265","14","30","22","34","02"
"108000266","06","01","27","38","04"
"108000267","32","10","17","11","22"
"108000268","07","19","22","20","31"
"108000269","19","01","33","18","21"
"108000270","29","39","27","23","22"
"108000271","28","19","18","08","02"
"108000272","38","06","35","16","26"
"108000273","12","03","31","14","06"
"108000274","29","27","16","26","19"
"108000275","23","24","03","11","29"
"108000276","11","03","32","10","05"
"108000277","18","05","36","33","38"
"108000278","04","22","32","34","01"
"108000279","15","03","39","01","26"
"108000280","24","36","21","13","14"
"108000281","11","08","04","22","12"
"108000282","16","11","25","19","20"
"108000283","14","37","28","10","35"
"108000284","20","24","05","34","21"
"108000285","13","39","21","14","07"
"108000286","29","17","08","04","01"
"108000287","34","29","13","17","01"
"108000288","02","20","25","06","26"
"108000289","11","16","22","23","04"
"108000290","09","24","04","23","20"
"108000291","29","27","34","23","03"
"108000292","27","09","06","39","17"
"108000293","34","16","35","27","11"
"108000294","32","12","20","23","39"
"108000295","37","38","11","29","09"
"108000296","27","18","06","34","37"
"108000297","05","01","26","28","20"
"108000298","34","11","25","32","08"
"108000299","09","26","23","39","20"
"108000300","32","37","25","22","10"
"108000301","03","28","22","33","39"
"108000302","02","19","33","30","15"
"108000303","37","01","28","10","36"
"108000304","28","31","25","01","32"
"108000305","19","31","32","01","23"
"108000306","13","06","16","34","22"
"108000307","36","38","23","22","28"
"108000308","07","37","14","13","09"
"108000309","21","02","14","27","38"
"108000310","33","38","07","13","32"
"108000311","30","22","39","06","36"
"108000312","08","16","20","14","10"
"108000313","01","26","32","14","25"
"109000001","22","26","01","27","39"
"109000002","01","06","11","23","27"
"109000003","01","18","03","31","08"
"109000004","23","30","25","29","32"
"109000005","28","16","27","14","34"
"109000006","28","10","11","38","37"
"109000007","04","10","06","12","26"
"109000008","36","13","20","04","30"
"109000009","05","29","10","21","02"
"109000010","16","03","34","14","25"
"109000011","24","35","13","28","11"
"109000012","27","36","39","10","37"
"109000013","17","10","19","39","35"
"109000014","10","05","04","03","33"
"109000015","04","22","32","18","17"
"109000016","37","28","22","06","14"
"109000017","04","21","28","35","38"
"109000018","17","27","32","29","10"
"109000019","33","36","22","04","11"
"109000020","01","39","17","33","23"
"109000021","27","35","39","07","03"
"109000022","26","20","05","13","12"
"109000023","14","39","09","27","01"
"109000024","33","01","39","02","18"
"109000025","15","10","30","28","19"
"109000026","08","24","10","34","16"
"109000027","31","17","27","08","11"
"109000028","20","07","04","13","24"
"109000029","01","03","24","34","21"
"109000030","38","37","12","29","35"
"109000031","23","31","02","38","04"
"109000032","01","03","23","39","07"
"109000033","13","25","29","20","08"
"109000034","12","33","23","26","27"
"109000035","23","31","08","24","39"
"109000036","05","28","27","12","19"
"109000037","17","19","35","33","23"
"109000038","38","17","35","01","28"
"109000039","26","04","25","13","36"
"109000040","08","29","33","18","05"
"109000041","02","18","30","36","35"
"109000042","05","01","06","09","31"
"109000043","34","02","20","06","24"
"109000044","20","27","36","10","05"
"109000045","23","08","20","04","27"
"109000046","36","19","18","37","13"
"109000047","29","23","30","02","01"
"109000048","11","10","22","05","09"
"109000049","02","19","05","15","26"
"109000050","19","28","17","35","36"
"109000051","10","21","12","17","04"
"109000052","17","27","39","07","20"
"109000053","05","06","10","27","26"
"109000054","29","07","03","16","15"
"109000055","09","07","02","17","27"
"109000056","20","23","31","28","10"
"109000057","29","15","13","08","11"
"109000058","12","09","10","20","17"
"109000059","18","11","27","28","06"
"109000060","33","26","34","16","27"
"109000061","09","16","12","07","14"
"109000062","01","37","20","18","24"
"109000063","10","29","05","03","13"
"109000064","20","17","02","30","06"
"109000065","11","21","32","01","09"
"109000066","37","07","16","22","29"
"109000067","38","20","05","30","09"
"109000068","30","32","34","03","11"
"109000069","20","16","39","33","10"
"109000070","07","22","03","16","31"
"109000071","27","05","06","16","31"
"109000072","26","12","25","30","09"
"109000073","29","23","05","32","08"
"109000074","19","27","30","28","03"
"109000075","19","22","13","38","30"
"109000076","27","04","29","07","18"
"109000077","35","24","07","02","01"
"109000078","37","24","06","09","27"
"109000079","20","23","07","35","31"
"109000080","27","29","11","10","28"
"109000081","15","08","03","17","38"
"109000082","32","27","13","04","21"
"109000083","30","06","16","03","29"
"109000084","13","02","28","12","23"
"109000085","26","34","28","27","12"
"109000086","27","24","19","06","01"
"109000087","08","11","23","06","39"
"109000088","15","18","21","36","14"
"109000089","25","23","35","36","03"
"109000090","33","37","29","08","38"
"109000091","28","07","22","04","10"
"109000092","09","36","28","17","33"
"109000093","36","33","16","25","15"
"109000094","32","20","30","26","31"
"109000095","32","23","03","08","11"
"109000096","17","32","20","38","01"
"109000097","05","09","31","06","30"
"109000098","33","26","15","03","18"
"109000099","21","04","30","28","03"
"109000100","32","07","02","11","14"
"109000101","36","23","08","34","24"
"109000102","01","23","21","07","09"
"109000103","32","10","33","05","29"
"109000104","03","18","17","23","31"
"109000105","13","09","27","02","14"
"109000106","27","23","36","26","17"
"109000107","39","30","05","35","13"
"109000108","26","29","14","24","16"
"109000109","25","39","04","29","02"
"109000110","16","09","34","14","25"
"109000111","08","22","04","36","05"
"109000112","25","13","07","33","09"
"109000113","25","38","18","05","26"
"109000114","36","08","32","13","21"
"109000115","03","02","18","12","22"
"109000116","16","11","02","17","08"
"109000117","05","20","30","27","12"
"109000118","30","07","04","24","09"
"109000119","36","07","05","08","38"
"109000120","02","25","05","01","21"
"109000121","22","28","23","08","29"
"109000122","27","35","25","02","39"
"109000123","30","15","05","22","12"
"109000124","26","35","38","20","17"
"109000125","18","09","03","07","37"
"109000126","20","14","21","06","26"
"109000127","05","25","38","10","26"
"109000128","26","17","05","08","34"
"109000129","37","23","25","13","08"
"109000130","27","16","08","17","21"
"109000131","15","24","13","12","18"
"109000132","24","26","14","10","17"
"109000133","28","36","03","34","20"
"109000134","22","18","33","14","27"
"109000135","12","37","34","04","08"
"109000136","29","39","31","35","19"
"109000137","04","39","29","22","07"
"109000138","19","32","25","36","03"
"109000139","34","38","29","22","02"
"109000140","06","05","30","14","19"
"109000141","27","24","10","17","16"
"109000142","38","11","30","23","09"
"109000143","26","16","18","10","32"
"109000144","30","21","24","10","20"
"109000145","26","22","23","25","06"
"109000146","17","39","26","12","38"
"109000147","21","10","05","09","37"
"109000148","36","19","08","04","24"
"109000149","30","22","26","18","19"
"109000150","38","33","23","24","22"
"109000151","15","01","11","30","14"
"109000152","33","24","27","19","29"
"109000153","20","16","26","14","38"
"109000154","38","30","18","34","24"
"109000155","07","22","31","27","18"
"109000156","17","13","31","01","11"
"109000157","29","08","01","05","30"
"109000158","02","09","06","01","35"
"109000159","06","19","21","18","39"
"109000160","34","30","05","10","26"
"109000161","23","05","17","11","14"
"109000162","29","05","19","08","04"
"109000163","27","13","34","01","21"
"109000164","35","11","02","09","14"
"109000165","05","01","35","29","21"
"109000166","37","35","09","33","06"
"109000167","16","07","13","37","02"
"109000168","32","07","36","24","39"
"109000169","03","07","23","31","20"
"109000170","05","23","37","07","10"
"109000171","27","10","04","05","21"
"109000172","11","19","31","01","34"
"109000173","22","23","02","32","39"
"109000174","38","13","02","32","19"
"109000175","20","35","05","30","37"
"109000176","17","33","10","37","01"
"109000177","39","04","28","32","11"
"109000178","28","30","08","23","24"
"109000179","37","09","33","18","25"
"109000180","05","28","25","13","22"
"109000181","15","31","24","06","28"
"109000182","05","16","38","37","30"
"109000183","19","24","20","14","17"
"109000184","16","10","08","21","36"
